date,site,starttime,endtime,soilmoist1,soilmoist5,starttemp,startlum,startwind-min,startwind-max,startrh-min,startrh-max,endtemp,endlum,endwind-min,endwind-max,endrh-min,endrh-max,round,notes
6/3/2020,Brush Creek Hill,10:00,10:37,,,,,,,,,,,,,,,,
6/3/2020,Brush Creek Trail,11:20,11:50,,,,,,,,,,,,,,,,
6/3/2020,Stupid Falls,10:08,10:46,,,,,,,,,,,,,,,,
6/4/2020,Gothic Town,10:05,11:40,,,,,,,,,,,,,,,,
6/4/2020,Ohio Pass Low,11:30,12:15,,,,,,,,,,,,,,,,
6/5/2020,Meridian,11:40,11:50,,,,,,,,,,,,,,,,HOBO deployed at 11:35 - use 12:00 temp only
6/5/2020,Wash 3C,11:00,11:20,,,,,,,,,,,,,,,,HOBO deployed at 10:55 - use 11:30 temp only
6/5/2020,Pfeiler,10:10,10:30,,,,,,,,,,,,,,,,HOBO deployed at 10:05 - use 10:30 temp only
6/8/2020,Brush Creek Hill,10:23,10:52,,,,,,,,,,,,,,,,HOBO deployed at 9:50
6/8/2020,Brush Creek Trail,11:30,11:45,,,,,,,,,,,,,,,,HOBO deployed 11:19
6/8/2020,Ohio Pass Low,11:05,11:37,,,,,,,,,,,,,,,,HOBO deployed 10:52
6/10/2020,Stupid Falls,13:37,14:15,16,17,,,,,,,,,,,,,,HOBO deployed at 13:15. Soil moisture taken 6/11/20
6/10/2020,Gothic Town,13:26,14:48,19.3,22.5,,,,,,,,,,,,,,HOBO deployed 12:58. Soil moisture 1 taken at T2 S3 because T2 S1 was too rocky. Soil moisture taken 6/11/20
6/11/2020,403 Bench,10:28,10:44,21.2,16.3,,,,,,,,,,,,,,HOBO deployed 10:09
6/11/2020,Rustlers Gulch,11:40,12:30,24.2,16.9,,,,,,,,,,,,,,HOBO deployed 11:24
6/11/2020,Avery Picnic,11:14,12:10,16.9,21.6,,,,,,,,,,,,,,HOBO deployed 9:02
6/12/2020,Pfeiler,10:10,10:30,12,18.4,,,,,,,,,,,,,,
6/12/2020,Wash 3C,10:48,11:00,11.9,17.4,,,,,,,,,,,,,,
6/12/2020,Meridian,11:23,11:43,15.4,18.1,,,,,,,,,,,,,,
6/15/2020,Ohio Pass Low,10:00,10:15,19.3,12.7,,,,,,,,,,,,,,
6/15/2020,Ohio Pass High,10:55,11:11,15,10.6,,,,,,,,,,,,,,
6/15/2020,Kebler Pass,11:33,11:48,29.4,35.1,,,,,,,,,,,,,,HOBO deployed 11:46
6/15/2020,Lake Irwin,12:15,12:30,24.7,22.5,,,,,,,,,,,,,,HOBO deployed 12:08
6/16/2020,Stupid Falls,10:00,10:26,12.5,11.7,,,,,,,,,,,,,,
6/16/2020,Gothic Town,11:22,12:03,13.6,16.8,,,,,,,,,,,,,,Soil moisture 1 taken at T2 S3.
6/16/2020,Brush Creek Hill,10:08,10:34,29.4,35.1,,,,,,,,,,,,,,
6/16/2020,Brush Creek Trail,10:52,10:55,26.2,17,,,,,,,,,,,,,,
6/17/2020,Avery Picnic,10:32,11:26,17.2,11.9,,,,,,,,,,,,,,
6/17/2020,Rustlers Gulch,11:58,12:46,19.1,11.4,,,,,,,,,,,,,,
6/17/2020,403 Bench,10:40,10:47,14.8,6.2,,,,,,,,,,,,,,
6/17/2020,Emerald Lake Hill,14:21,14:37,12.2,12.4,,,,,,,,,,,,,,HOBO deployed 14:10
6/17/2020,Emerald Lake Shore,13:49,14:34,8.1,11.5,,,,,,,,,,,,,,HOBO deployed 13:25
6/18/2020,Virginia Basin,11:35,12:25,14.1,15.7,,,,,,,,,,,,,,HOBO deployed 11:08
6/18/2020,Pfeiler,11:00,11:13,11.9,13.1,,,,,,,,,,,,,,Soil moisture taken 6/19/20
6/18/2020,Wash 3C,10:05,10:35,11.8,11.9,,,,,,,,,,,,,,Soil moisture taken 6/19/20
6/18/2020,Meridian,12:00,12:46,15.7,9.6,,,,,,,,,,,,,,Soil moisture taken 6/19/20
6/22/2020,Ohio Pass Low,10:00,10:14,15.5,10.7,,,,,,,,,,,,,,
6/22/2020,Ohio Pass High,10:46,11:05,20.5,14.5,,,,,,,,,,,,,,
6/22/2020,Kebler Pass,11:24,11:41,30.4,31.9,,,,,,,,,,,,,,
6/22/2020,Lake Irwin,11:59,12:14,18.2,12.5,,,,,,,,,,,,,,
6/23/2020,Stupid Falls,12:47,13:15,10.5,7.9,,,,,,,,,,,,,,
6/23/2020,Gothic Town,10:22,11:45,6.9,14,,,,,,,,,,,,,,Soil moisture 1 taken at T2 S3.
6/23/2020,Brush Creek Hill,11:26,11:56,10.1,7.5,,,,,,,,,,,,,,
6/23/2020,Brush Creek Trail,10:25,10:54,19.9,11,,,,,,,,,,,,,,
6/24/2020,Avery Picnic,11:50,12:28,13.4,9,,,,,,,,,,,,,,Estimated start time - forgot to take it but definitely before noon.
6/24/2020,403 Bench,10:05,10:10,10.9,9.6,,,,,,,,,,,,,,
6/24/2020,Rustlers Gulch,10:08,10:45,19.6,10.9,,,,,,,,,,,,,,
6/24/2020,Emerald Lake Hill,13:32,14:01,12,13.9,,,,,,,,,,,,,,
6/24/2020,Emerald Lake Shore,13:49,14:56,14.8,12.4,,,,,,,,,,,,,,Pause from 14:18 to 14:36 to get more vials
6/25/2020,Virginia Basin,9:47,11:35,10.7,13.2,,,,,,,,,,,,,,
6/25/2020,Meridian,10:34,11:10,9.2,7.3,,,,,,,,,,,,,,Soil moisture taken 6/26/20
6/25/2020,Wash 3C,11:41,12:14,8.1,11.3,,,,,,,,,,,,,,Soil moisture taken 6/26/20
6/26/2020,Pfeiler,10:52,11:21,7.1,8.7,,,,,,,,,,,,,,
6/29/2020,Ohio Pass Low,12:12,12:26,13,10.7,,,,,,,,,,,,,,
6/29/2020,Ohio Pass High,11:27,11:41,7.6,11,,,,,,,,,,,,,,
6/29/2020,Kebler Pass,10:41,10:58,23.1,25.8,,,,,,,,,,,,,,
6/29/2020,Lake Irwin,10:08,10:21,15.4,11.8,,,,,,,,,,,,,,
6/30/2020,Stupid Falls,13:23,13:38,11.3,6.3,,,,,,,,,,,,,,
6/30/2020,Gothic Town,12:10,13:00,10.3,11.7,,,,,,,,,,,,,,Soil moisture 1 taken at T2 S3.
6/30/2020,Brush Creek Hill,10:40,11:10,6.9,4.9,,,,,,,,,,,,,,
6/30/2020,Brush Creek Trail,11:30,12:00,12.1,10.7,,,,,,,,,,,,,,
6/30/2020,Emerald Lake Hill,14:49,15:28,7.2,10.3,,,,,,,,,,,,,,
6/30/2020,Emerald Lake Shore,15:07,15:39,9.6,12.7,,,,,,,,,,,,,,
7/1/2020,Avery Picnic,10:38,11:35,8.4,11.5,,,,,,,,,,,,,,
7/1/2020,403 Bench,12:49,13:02,7.6,10.2,,,,,,,,,,,,,,
7/1/2020,Rustlers Gulch,12:01,12:47,8.6,7.3,,,,,,,,,,,,,,
7/2/2020,Virginia Basin,11:12,12:39,9.3,6.6,,,,,,,,,,,,,,
7/2/2020,Meridian,13:22,13:51,7,7.8,,,,,,,,,,,,,,Soil moisture taken 7/3/20
7/2/2020,Wash 3C,10:59,11:11,7.5,8.5,,,,,,,,,,,,,,Soil moisture taken 7/3/20
7/2/2020,Pfeiler,11:44,12:35,10.9,10.3,,,,,,,,,,,,,,Soil moisture taken 7/3/20
7/6/2020,Lake Irwin,10:08,10:29,18.8,9.1,,,,,,,,,,,,,,
7/6/2020,Kebler Pass,10:55,11:16,17.5,21.2,,,,,,,,,,,,,,
7/6/2020,Ohio Pass High,11:53,12:09,7.7,5.4,,,,,,,,,,,,,,
7/6/2020,Ohio Pass Low,12:41,12:55,8.4,9.7,,,,,,,,,,,,,,
7/7/2020,Gothic Town,12:10,13:22,7.5,11.7,,,,,,,,,,,,,,Soil moisture 1 taken at T2 S3.
7/7/2020,Stupid Falls,10:25,11:01,9.5,11.9,,,,,,,,,,,,,,
7/7/2020,Brush Creek Hill,11:57,12:30,5.9,6.1,,,,,,,,,,,,,,
7/7/2020,Brush Creek Trail,10:30,11:21,,,,,,,,,,,,,,,,
7/8/2020,Avery Picnic,10:33,11:06,12.3,10.7,,,,,,,,,,,,,,
7/8/2020,Rustlers Gulch,12:01,12:34,11.8,8,,,,,,,,,,,,,,Soil moisture taken 7/10/20
7/8/2020,403 Bench,12:17,12:52,8.6,6.8,,,,,,,,,,,,,,
7/8/2020,Emerald Lake Hill,14:01,14:21,7.2,7.9,,,,,,,,,,,,,,
7/8/2020,Emerald Lake Shore,13:17,13:42,7.9,11.5,,,,,,,,,,,,,,
7/9/2020,Virginia Basin,11:00,12:52,6.3,6.9,,,,,,,,,,,,,,
7/10/2020,Meridian,10:27,10:53,6.8,6.9,,,,,,,,,,,,,,
7/10/2020,Wash 3C,11:28,12:02,5.4,9.1,,,,,,,,,,,,,,
7/10/2020,Pfeiler,11:34,12:06,5.8,5.2,,,,,,,,,,,,,,
7/13/2020,Ohio Pass Low,10:01,10:18,10.5,8.9,,,,,,,,,,,,,,
7/13/2020,Stupid Falls,14:35,14:50,10.6,7.4,,,,,,,,,,,,,,Sample times are estimates. Rained until about 12:30.
7/14/2020,Avery Picnic,10:05,10:40,11.4,7.7,,,,,,,,,,,,,,
7/14/2020,403 Bench,11:51,12:24,9.5,7.1,,,,,,,,,,,,,,
7/14/2020,Rustlers Gulch,11:28,11:54,12,7.5,,,,,,,,,,,,,,Soil moisture taken late afternoon after rain/hail storm around 4pm
7/14/2020,Emerald Lake Hill,13:15,13:37,8.8,10.2,,,,,,,,,,,,,,
7/14/2020,Emerald Lake Shore,13:33,14:13,7.2,10.7,,,,,,,,,,,,,,
7/15/2020,Virginia Basin,10:40,12:38,11.8,7.2,,,,,,,,,,,,,,
7/15/2020,Brush Creek Hill,10:17,10:50,5.6,7.4,,,,,,,,,,,,,,
7/15/2020,Brush Creek Trail,11:23,11:59,12.1,8.1,,,,,,,,,,,,,,
7/15/2020,Gothic Town,12:40,13:24,10.8,7.8,,,,,,,,,,,,,,Soil moisture taken 7/20/20. Soil moisture 1 taken at T2 S3.
7/16/2020,Wash 3C,11:05,12:03,8.9,8.4,,,,,,,,,,,,,,Soil moisture taken 7/18/20
7/16/2020,Pfeiler,10:16,11:26,8.6,11.7,,,,,,,,,,,,,,
7/17/2020,Ohio Pass High,10:00,10:38,6.3,6.4,,,,,,,,,,,,,,
7/17/2020,Kebler Pass,11:10,11:37,24.3,21.8,,,,,,,,,,,,,,
7/17/2020,Lake Irwin,12:13,12:40,11.3,10.2,,,,,,,,,,,,,,
7/18/2020,Meridian,10:13,11:22,6.9,5.6,,,,,,,,,,,,,,
7/21/2020,Avery Picnic,10:00,12:10,12.9,7.8,,,,,,,,,,,,,,
7/21/2020,403 Bench,10:29,11:28,8.4,9.2,,,,,,,,,,,,,,
7/21/2020,Rustlers Gulch,12:51,13:30,9.9,10.9,,,,,,,,,,,,,,
7/23/2020,Virginia Basin,10:43,13:26,7.7,8,,,,,,,,,,,,,,
7/23/2020,Emerald Lake Hill,11:44,12:24,6.7,9.2,,,,,,,,,,,,,,Soil moisture taken 7/22/20
7/23/2020,Emerald Lake Shore,10:00,11:13,7.5,8.7,,,,,,,,,,,,,,Soil moisture taken 7/22/20
7/23/2020,Pfeiler,13:40,14:42,9.5,8.5,,,,,,,,,,,,,,Soil moisture taken 7/24/20
7/27/2020,Lake Irwin,10:30,11:02,11.6,14.3,,,,,,,,,,,,,,Ground was visibly wet when we soil moistured
7/27/2020,Kebler Pass,9:35,10:33,25.5,27.6,,,,,,,,,,,,,,
7/27/2020,Ohio Pass High,11:21,11:55,8.8,7.6,,,,,,,,,,,,,,
7/27/2020,Brush Creek Trail,12:30,13:00,17,15.2,,,,,,,,,,,,,,Sample times are estimates.
7/28/2020,Wash 3C,12:01,12:35,8.6,11,,,,,,,,,,,,,,
7/28/2020,Pfeiler,11:11,11:40,14.9,20.9,,,,,,,,,,,,,,
7/29/2020,Virginia Basin,10:32,13:03,15.8,12,,,,,,,,,,,,,,
7/29/2020,Emerald Lake Hill,11:35,12:20,7.9,9,,,,,,,,,,,,,,Soil moisture taken 7/30/20
7/29/2020,Emerald Lake Shore,10:00,11:00,7.3,9.8,,,,,,,,,,,,,,Soil moisture taken 7/30/20
7/30/2020,403 Bench,11:25,12:25,11.4,10.1,,,,,,,,,,,,,,
7/31/2020,Ohio Pass High,9:44,10:16,4.9,5.8,,,,,,,,,,,,,,
7/31/2020,Kebler Pass,10:40,11:10,20.6,21.9,,,,,,,,,,,,,,
7/31/2020,Lake Irwin,11:38,12:08,8.4,10.3,,,,,,,,,,,,,,
5/6/2021,Ohio Pass Low,12:34,12:54,22.5,27.2,,,,,,,,,,,,,,No HOBO
5/14/2021,Brush Creek Hill,11:02,11:38,13.3,17,,,,,,,,,,,,,,No HOBO
5/14/2021,Ohio Pass Low,13:25,13:55,17.1,19,,,,,,,,,,,,,,No HOBO
5/20/2021,Ohio Pass Low,10:10,11:00,19.3,17.5,17.15,20000,1.5,2.6,27.8,29.9,18.8,20000,1.1,1.9,20.6,27.7,,"Start/end conditions taken at two discrete points, not using min/max function on Envirometer"
5/25/2021,Brush Creek Trail,12:30,12:55,43.6,37.7,20.4,20000,0,1,6.7,11.8,21.05,20000,1.5,2,5,5.2,,"Start/end conditions taken at two discrete points, not using min/max function on Envirometer"
5/25/2021,Brush Creek Hill,11:05,11:35,10.8,16.1,15.65,20000,0,1.1,12.6,14.1,20.15,20000,1,1.4,7.3,10.9,,"Start/end conditions taken at two discrete points, not using min/max function on Envirometer"
5/27/2021,Meridian,10:56,11:37,13.4,17.7,16.2,20000,1,2.5,18,19.5,20.7,20000,1.5,1.8,9.1,12.5,,"Start/end conditions taken at two discrete points, not using min/max function on Envirometer"
5/27/2021,Wash 3C,9:53,10:23,12,15.1,14.5,20000,0,1,20.4,21,13.75,20000,0.9,1,18.4,20.2,,"Start/end conditions taken at two discrete points, not using min/max function on Envirometer"
5/27/2021,Stupid Falls,12:45,13:17,16.7,8.7,17.9,20000,1.3,2,17.6,22.4,20.3,20000,1.9,3,13,17,,"Start/end conditions taken at two discrete points, not using min/max function on Envirometer. Soil moisture taken 5/26."
5/27/2021,Gothic Town,13:50,14:38,19.4,24.9,16.8,20000,0,3,14.9,17.7,20,20000,1,5.4,11.2,16.3,,Soil moisture taken 5/26. Soil moisture 1 taken at T2 S2
5/28/2021,Ohio Pass Low,11:52,12:56,16.8,12.6,19,,0.7,3.1,5.6,9.8,23.5,,0,25,5.4,12.5,,
6/1/2021,Kebler Pass,12:59,13:14,35.6,27.7,18.5,,0,2.3,16,18.4,17,,0,3.3,20.3,30.2,,
6/1/2021,Lake Irwin,12:19,12:44,9.6,15.6,17,,0.3,2.3,15.7,27.5,21.2,,0,0.3,13.4,27.5,,nothing caught during sampling round
6/1/2021,Coal Creek,13:27,13:42,11.7,17.8,18,,0.5,3.6,20.4,24.5,16.3,,0.4,3.4,17.1,22,,
5/29/2021,403 Bench,12:58,13:40,,,18.4,,0,5.3,8.8,10.6,20.4,,0,3.7,4.6,7.5,,forgot soil probe
6/2/2021,Gothic Town,9:57,10:42,16.2,21.7,21.6,,0.6,4.6,14.4,22.7,21.6,,0,1.3,13.8,22.3,,
6/2/2021,Stupid Falls,12:40,12:58,13,10.9,21.9,,0.4,4.8,8.8,11.5,21.6,,0,2.9,13.6,19.4,,
6/3/2021,Rustlers Gulch,13:10,13:30,20.9,19.3,21.1,,1.4,7.6,12.4,18.7,20.3,,0.3,5.6,13.8,20,,
6/3/2021,Wash 3C,10:46,11:01,15.5,13.5,21.5,,0,3.2,12.2,17.3,22,,0,3.3,12.1,16.5,,
6/3/2021,Meridian,11:36,11:50,17.2,16.2,20.2,,0.7,5.2,15.5,18.8,21.6,,0.6,3.3,12.6,18.4,,
6/3/2021,Pfeiler,9:45,10:16,15.9,17.5,21,,0,1.8,14.3,22,19.3,,0,3.6,15.9,18.8,,
6/4/2021,Brush Creek Trail,10:00,10:35,47.2,43,20.5,,1,1.8,26.2,37.2,22.2,,0.4,3,21.2,30.8,1,
6/4/2021,Brush Creek Trail,11:59,12:40,47.2,43,24,,0,4.6,11.7,15.8,25.3,,1.8,4.6,10.1,18,2,
6/4/2021,Brush Creek Trail,14:00,14:30,47.2,43,26.4,,1.7,5.6,9.4,17.1,26.1,,1.8,5.2,10.7,17.4,3,
6/4/2021,Brush Creek Hill,10:00,10:40,8.1,7.3,28.7,,1.3,4.9,10.2,13.7,27.9,,1.1,4.9,9,13.9,1,
6/4/2021,Brush Creek Hill,12:00,12:32,8.1,7.3,30.2,,0,3.5,4.5,12.7,25.1,,0,6.3,8.8,16.4,2,
6/4/2021,Brush Creek Hill,13:55,14:29,8.1,7.3,20.4,,0,2,28.6,35.7,27,,0,2.2,11,19.9,3,
6/7/2021,Avery Picnic,10:40,12:10,12.6,12,19.5,,0,0,23,29.5,19.5,,0,2.1,15.5,19.6,,
6/7/2021,403 Bench,10:28,11:07,18.1,14.3,19.5,,0,3.7,15.3,20.2,23.3,,1,2.8,12.5,16.8,,
6/7/2021,Rustlers Gulch,12:56,13:39,16.4,13.6,23.7,,1.1,2.7,16.8,21.4,24.1,,0,1.4,11.4,15.7,,
6/8/2021,Ohio Pass Low,9:44,10:06,13.5,10.5,20.1,,0.3,1.7,22.4,28,20,,0,1.2,18.2,26.5,,
6/8/2021,Lake Irwin,12:40,12:55,14.4,14.2,26.6,,0,1.2,6.1,10.6,25,,0,1.9,6.1,9.1,,smoky
6/8/2021,Coal Creek,13:21,13:30,9.6,14.5,24.5,,1.4,4.2,4.4,9.8,22.7,,1,7.2,6.2,10.5,,smoky
6/8/2021,Ohio Pass High,11:32,12:10,31,14.7,22.3,,0,4.4,3.6,7.6,20.7,,0,4.7,8.2,14.7,,end time estimated
6/9/2021,Stupid Falls,10:25,10:57,10.4,10.8,27.4,,0,2,3.7,10.8,27.1,,0,2.1,5.6,15.7,1,Temperature based on kestrel thing was suspiciously high (felt like 80 max)
6/9/2021,Stupid Falls,12:06,12:42,10.4,10.8,22.7,,0,1.3,2.2,15.4,23,,0,4.2,9.8,18.2,2,
6/9/2021,Stupid Falls,14:00,14:30,10.4,10.8,27,,0,1.7,5,15.2,30.5,,0,2.6,4.6,13.5,3,"Dont actually think it was that hot though (kestrel thing could be incorrect, see other note)"
6/9/2021,Kebler Pass,10:00,10:42,35.4,24.7,22.1,,1,3.7,2.6,6.8,21.7,,0,4.4,2.9,5.4,1,
6/9/2021,Kebler Pass,12:00,12:35,35.4,24.7,23.4,,1.1,4.3,3,6.5,23.5,,0,1.5,1.9,4.7,2,
6/9/2021,Kebler Pass,14:00,14:29,35.4,24.7,30.2,,0,4.8,0.5,3.9,30.3,,0,0.3,0.4,4.4,3,
6/10/2021,Brush Creek Trail,10:00,10:30,39,29.3,23.7,,0,0,10.4,16.4,25,,0,2.4,6.4,13.5,1,
6/10/2021,Brush Creek Trail,12:00,12:26,39,29.3,23.6,,0.4,2.6,6.6,12.5,22,,0.6,4.2,11.2,15.5,2,
6/10/2021,Brush Creek Trail,14:00,14:28,39,29.3,22.8,,0.5,3.6,6.6,11.3,24.8,,0,2.5,2.4,7.1,3,
6/10/2021,Brush Creek Hill,10:02,10:38,9.7,9.1,22.7,,0.4,1.5,4.2,10,27.6,,0,1.7,4.5,15.6,1,
6/10/2021,Brush Creek Hill,11:59,12:32,9.7,9.1,26.6,,0,1.2,2.8,11.8,24.7,,0,2,7.7,17,2,
6/10/2021,Brush Creek Hill,13:59,14:40,9.7,9.1,24.1,,1.1,4.3,6.8,12.2,26,,2.7,6.2,6.4,11.4,3,
6/11/2021,Gothic Town,10:17,11:12,,,23.7,,0,2.3,3.9,11.9,24,,0,3.3,3.4,16.5,,soil moisture probe with other team
6/11/2021,Meridian,10:40,11:15,12,9.6,20.1,,0.3,5.1,5.3,12.6,22.1,,0,5.3,8.3,13.5,,
6/11/2021,Wash 3C,13:38,14:17,12,8.9,22.9,,0,2.6,6.8,13.3,,,0,3.6,4.2,11,,
6/11/2021,Pfeiler,12:29,13:07,8,13,23.5,,0,2.2,6.3,12,19.1,,0,4.9,7.2,12.3,,
6/14/2021,Rustlers Gulch,10:10,10:54,10.7,9,22.1,,2.1,4.2,7,14.5,24.2,,0.5,4.1,8,15.8,1,
6/14/2021,Rustlers Gulch,12:00,12:44,10.7,9,27.6,,0.6,4.3,0,8.6,28.2,,0,1.7,0,2.8,2,
6/14/2021,Rustlers Gulch,13:59,14:30,10.7,9,27.7,,1.8,6.5,1.1,7.4,28,,0,3.8,0,6.4,3,
6/14/2021,Stupid Falls,10:10,11:14,6.5,9.1,24.9,,0,2.2,13.8,23.3,27.7,,0.1,2.6,1.1,10.4,1,Soil moisture taken 6/17/21
6/14/2021,Stupid Falls,12:11,12:50,6.5,9.1,28.2,,0,6.7,0,12.7,40,,0,1.4,3.6,8.3,2,Soil moisture taken 6/17/21
6/14/2021,Stupid Falls,14:00,14:36,6.5,9.1,30.4,,0,1.5,3.6,8.3,27.8,,0,4,7,11.6,3,Soil moisture taken 6/17/21
6/15/2021,Avery Picnic,10:20,11:24,10.7,8.7,19.3,,0,2.5,20.5,26.4,21.1,,0,3.3,8,16,,Soil moisture taken 6/19/21
6/15/2021,Coal Creek,14:18,14:35,5.9,5,,,,,,,,,,,,,,
6/15/2021,Lake Irwin,13:31,13:58,15.2,8.8,,,,,,,,,,,,,,
6/15/2021,Ohio Pass High,12:14,13:00,7,8.6,,,,,,,,,,,,,,
6/15/2021,Ohio Pass Low,10:58,11:23,9,10.1,,,,,,,,,,,,,,
6/16/2021,Kebler Pass,10:15,10:41,27.9,23.4,27,,0,2.1,8.2,11.32,29,,0.1,3.1,7.6,13.6,1,Temp seems wrong; soil moisture taken 6/19/21
6/16/2021,Kebler Pass,12:00,12:30,27.9,23.4,27.4,,0,1.3,9.8,14.8,27.4,,0,3.3,7.1,12.1,2,Soil moisture taken 6/19/21
6/16/2021,Kebler Pass,14:00,14:25,27.9,23.4,27.5,,0,0.4,12.5,16.5,27.8,,0,2.1,11,13.6,3,Soil moisture taken 6/19/21
6/17/2021,403 Bench,10:35,10:55,11.7,7.2,,,0,2,15.6,22,,,0,2.1,13.9,22.8,,
6/17/2021,Gothic Town,13:01,13:50,11.7,8.4,,,0,1.7,6.2,17.8,,,0,1.7,9.6,17.6,,
6/17/2021,Brush Creek Hill,10:05,10:40,4.8,5.6,,,0,0,22.8,31.7,,,0,1,10.5,29.6,1,Soil moisture taken 6/19/21
6/17/2021,Brush Creek Hill,12:00,12:35,4.8,5.6,,,0,0.8,7.6,15.9,,,1,1.8,4.1,9.9,2,Soil moisture taken 6/19/21
6/17/2021,Brush Creek Hill,14:33,15:02,4.8,5.6,,,0,1.6,7.1,10.7,,,0.3,1.4,5.4,7.3,3,Soil moisture taken 6/19/21
6/17/2021,Brush Creek Trail,13:41,14:20,22.5,12.8,,,0.4,3.8,9.2,19.5,,,0,2,3.4,7.9,,Soil moisture taken 6/19/21
6/18/2021,Pfeiler,10:20,10:35,9,9.2,,,0,0.7,19.4,26.5,,,0,1.3,13.7,26.7,,
6/18/2021,Wash 3C,11:23,11:44,6.4,6.5,,,0,2,10.4,22.4,,,0,1.1,10.1,18.9,,
6/18/2021,Meridian,12:39,13:00,8.5,8,,,0,3.7,13,22.7,,,0,3,3,15.1,,
6/21/2021,Rustlers Gulch,10:00,10:34,10.8,6.5,,,1.3,5.6,18.1,22.6,,,2,6,16,21.5,1,
6/21/2021,Rustlers Gulch,12:00,12:31,10.8,6.5,,,0.7,8,5.2,13,,,1,3.8,7.1,12.9,2,
6/21/2021,Rustlers Gulch,14:00,14:20,10.8,6.5,,,0.9,5.9,3.2,12.9,,,4.1,14.7,0,6.9,3,
6/21/2021,Stupid Falls,10:00,10:26,,,,,2.3,6.6,18.3,25.1,,,1,3.6,15.6,22,1,
6/21/2021,Stupid Falls,11:59,12:36,,,,,1.6,5.2,11.4,17.3,,,0.8,7.4,11,17.3,2,
6/21/2021,Stupid Falls,13:59,14:28,,,,,2,6.3,9,16.9,,,0,2.1,6.4,21.2,3,
6/22/2021,Avery Picnic,10:15,12:05,6.6,9.1,,,0,0.6,6.6,12.4,,,0,2.6,14.5,19.7,,Soil moisture taken 6/22
6/23/2021,Virginia Basin,,,10.5,11,,,,,,,,,,,,,,
6/22/2021,Coal Creek,11:01,11:30,4.8,4.8,,,0.4,4.1,5.8,9.8,,,0.6,4.5,7.3,11,,
6/22/2021,Ohio Pass High,13:11,13:35,9.3,6.9,,,0,3.9,9.1,13,,,0,1.7,11.5,15.2,,
6/22/2021,Lake Irwin,12:00,12:35,11.1,11.5,,,1,4.7,5.9,7.7,,,0,3.3,7.6,13.5,,
6/23/2021,Kebler Pass,10:22,11:00,23.6,23.3,,,0.4,1.9,18.4,18.9,,,0,1.2,17.3,20.1,,Soil moisture taken 6/22
6/23/2021,Ohio Pass Low,12:15,12:45,,,,,1.3,4.1,18.3,24,,,0,1.2,1.3,6.4,,
6/23/2021,Brush Creek Trail,14:15,15:02,,,,,0.8,3.2,10.4,19.4,,,0,3.7,18.5,21.3,,
6/24/2021,Gothic Town,10:20,11:36,6.7,14.7,,,,,,,,,0,0.5,23.9,31.8,,"stopped at 11:20 because of rain, started again at 11:28"
6/24/2021,403 Bench,10:15,10:35,10.2,7.3,,,0,1.3,27.5,33.4,,,0,1.5,27,38.3,,
6/24/2021,Brush Creek Hill,10:10,10:41,7.5,7.3,,,0,2,37.2,45.6,,,0,3.6,28.9,39,1,
6/24/2021,Brush Creek Hill,12:00,12:30,7.5,7.3,,,0,1.8,19.7,29.7,,,0,1.7,25.6,30.2,2,
6/25/2021,Wash 3C,11:25,11:47,16.4,14.3,,,0.5,3.1,24.2,29.9,,,0,2,26.9,36.4,,
6/25/2021,Pfeiler,12:14,12:35,14.1,21.2,,,0,2.3,27,38.6,,,0,1.1,27.2,32.2,,
6/25/2021,Meridian,10:24,10:50,18,17.5,,,0,1.2,37.9,45.6,,,0,1.2,28.9,38.8,,
6/28/2021,Virginia Basin,10:40,11:27,12.7,14.3,,,0,0.8,30.9,38.7,,,0.5,3.3,34.7,40.7,,
6/28/2021,Lake Irwin,10:25,10:46,27.8,18.7,,,0,1.3,22.2,27.6,,,0,1.3,21.2,36,,
6/28/2021,Ohio Pass High,11:06,11:30,12.3,15.9,,,0,2.9,25.2,40,,,0,1.6,13.3,24.7,,
6/28/2021,Ohio Pass Low,11:51,12:13,13.8,21.9,,,0.8,1.8,22.2,32.4,,,0,2.1,11.5,19.1,,
6/29/2021,Stupid Falls,13:55,14:10,11.6,13.7,,,0,0.5,9.4,14.5,,,0,1.1,24.5,31.3,3,soil moisture taken 6/30
6/29/2021,Stupid Falls,10:30,10:50,11.6,13.7,,,0,0,32.2,39.1,,,0,1.4,34.7,42.8,1,
6/29/2021,Stupid Falls,11:50,12:19,11.6,13.7,,,0,1.5,30.8,41,,,0,0.6,21,35.8,2,
6/29/2021,Brush Creek Trail,10:20,11:12,17.7,10.6,,,0,1.1,32.5,36.2,,,0,1.1,26.4,31.7,,
6/29/2021,Coal Creek,12:14,12:46,14.5,17.7,,,0,0,27.8,35.6,,,0,0,35,45.7,,
6/30/2021,Avery Picnic,10:02,11:11,12.5,15.6,,,0,0,39.2,46.9,,,1,2.4,30.5,38.1,,
6/30/2021,Rustlers Gulch,10:00,10:23,19,14.7,,,0,1.3,34.5,40.8,,,0,3.6,30.9,41.9,1,
6/30/2021,Rustlers Gulch,11:52,12:21,19,14.7,,,0,3.2,17.4,30.1,,,0.3,3.3,26.8,32.7,2,
6/30/2021,Rustlers Gulch,13:55,14:18,19,14.7,,,0,2.5,26.3,28.8,,,0.7,5.2,33.4,43.7,3,
7/1/2021,403 Bench,10:23,10:56,13.5,10.7,,,0,2,29.5,38.2,,,0,0.5,34.9,43.3,,
7/1/2021,Gothic Town,10:25,12:37,14.1,13.5,,,0,2.2,18.8,24.2,,,0,1.2,17.6,22.5,,
7/1/2021,Kebler Pass,10:19,10:57,25.8,28.6,,,1.2,1.2,41.9,41.9,,,1.7,1.7,41.1,41.1,1,Soil moisture taken 7/5; min wind = average wind
7/1/2021,Kebler Pass,12:26,13:08,25.8,28.6,,,0.9,0.9,38.3,38.3,,,1.7,1.7,46.7,46.7,2,Soil moisture taken 7/5; min wind = average wind
7/1/2021,Kebler Pass,14:20,15:11,25.8,28.6,,,0.9,0.9,38.2,38.2,,,0.6,0.6,35.9,35.9,3,Soil moisture taken 7/5; min wind = average wind
7/2/2021,Virginia Basin,10:43,12:20,12.8,19,,,0,1.1,41.9,46.2,,,0,2,31.5,41,,Paused for rain/hail ~11:20-12:05
7/2/2021,Brush Creek Hill,14:27,14:52,6.4,4.7,,,2.5,6.3,28.4,35.4,,,1.6,4,24.6,31.3,,Soil moisture taken 7/4
7/2/2021,Pfeiler,10:33,10:57,9.2,15.1,,,0,0,31.6,42.4,,,0,0.3,30,34.3,,Soil moisture taken 7/4
7/2/2021,Wash 3C,11:32,11:55,9.4,7.7,,,0.6,3.2,27.5,35.9,,,0,0.5,43.4,57.7,,started raining during sampling; Soil moisture taken 7/4
7/2/2021,Meridian,13:05,13:36,12.3,12.2,,,0.3,2.7,27.9,33,,,0.5,7,25.8,35.1,,Soil moisture taken 7/4
7/5/2021,Lake Irwin,10:42,11:23,11.9,9.8,,,0,2,21.4,26.4,,,0,2.9,21.5,26.2,,
7/5/2021,Ohio Pass High,12:13,12:52,9.2,10,,,0,3.2,20.3,27.4,,,0,3.7,19.1,29.5,,
7/5/2021,Ohio Pass Low,13:34,14:10,18.1,16.5,,,0,2.2,18.6,27.9,,,0,3.1,19.5,26.4,,
7/6/2021,Brush Creek Trail,10:24,11:04,,,,,0.9,1.5,42.4,44.6,,,1.7,2.8,39.1,48.9,,min wind = average wind
7/6/2021,Coal Creek,12:01,12:30,7.8,10.3,,,1.9,4.2,33.6,36,,,1.9,5.5,32.5,35.3,,Soil moisture taken 7/5; min wind = average wind
7/6/2021,Avery Picnic,11:43,13:14,17.5,22.4,,,0.4,3.4,38.2,47.6,,,0.3,1.4,12.4,16.9,,
7/6/2021,Rustlers Gulch,10:04,10:45,16.2,15.8,,,0,2,41,50.1,,,0.1,5.7,28.4,35.5,1,
7/6/2021,Rustlers Gulch,12:01,13:00,16.2,15.8,,,0.5,6,33,31.4,,,0,2.6,24.1,29.3,2,
7/6/2021,Rustlers Gulch,14:03,14:54,16.2,15.8,,,1,2.9,19.6,29.3,,,1.9,5.9,27.4,36.2,3,
7/7/2021,Virginia Basin,10:48,13:40,11.9,15.2,,,1,1.9,13.3,31.3,,,0.4,2.4,13.4,25.1,,"Did 3/4 of sampling in first round, then when Annie came back with her randomization sheet (few hours later), that last round was done"
7/7/2021,Kebler Pass,10:08,10:58,25.8,28.6,,,0,1,22.9,35.5,,,0,0,20.6,23.4,1,Soil moisture taken 7/5; min wind = average wind
7/7/2021,Kebler Pass,11:57,12:57,25.8,28.6,,,0,3.1,11.3,19.1,,,0,4.5,15.2,22.3,2,Soil moisture taken 7/5; min wind = average wind
7/7/2021,Kebler Pass,13:55,14:36,25.8,28.6,,,1.1,3.2,16.2,21.8,,,1.8,2.5,18.3,19.9,3,Soil moisture taken 7/5; min wind = average wind
7/8/2021,403 Bench,10:19,10:57,9.2,13.4,,,,,,,,,,,,,,
7/8/2021,Gothic Town,10:56,12:19,12.2,11.7,,,0,1.6,23.2,31.7,,,0,4.9,14.9,23.7,,
7/8/2021,Brush Creek Hill,10:11,10:51,,,,,0,2.3,30.8,33.4,,,0,1.5,13.5,21,1,
7/8/2021,Brush Creek Hill,12:02,12:46,,,,,0.6,2.8,11.6,27.7,,,0,1.1,14.4,29.8,2,
7/8/2021,Brush Creek Hill,14:00,14:40,,,,,0,2.2,7.8,12.8,,,0,1.3,5,11.6,3,end time is estimated
7/9/2021,Wash 3C,10:53,11:20,8.3,9.8,,,0,1.7,22.5,30.8,,,0,1.7,16,21.8,,
7/9/2021,Pfeiler,11:59,12:18,10.1,11.3,,,0,4.6,13.8,18.9,,,0.9,4.5,15.9,19.4,,
7/9/2021,Meridian,13:03,13:35,12,9.4,,,0,1.1,7.5,15.5,,,0,1.5,10.1,20.4,,
7/9/2021,Stupid Falls,10:16,11:02,9.8,12,,,0,0,26.5,35.8,,,0.3,4,25,30.3,1,
7/9/2021,Stupid Falls,12:04,12:48,9.8,12,,,0.6,2,15.6,20.6,,,1,3.6,15.3,22.8,2,
7/9/2021,Stupid Falls,14:00,14:41,9.8,12,,,0.7,3.3,11.7,24.3,,,0,0.5,23,30.5,3,
7/12/2021,Ohio Pass High,12:15,12:43,8.5,8.4,,,0,1.4,24.2,32.2,,,0.5,2.9,14.7,21.8,,
7/12/2021,Ohio Pass Low,10:38,11:18,12.2,13.5,,,0,2.3,28.5,39.2,,,0,1.9,30.1,36.7,,
7/12/2021,Lake Irwin,13:36,13:59,16.3,9.5,,,0,1.5,13,18.2,,,0,1.5,12.5,17.3,,
7/12/2021,Coal Creek,14:41,15:05,5.9,8,,,0,0.6,4.9,7.4,,,0,0,5.3,9.3,,
7/13/2021,Avery Picnic,10:50,12:02,10.9,8.9,,,0.8,2.7,35.4,42.2,,,0.3,3.9,17.2,26.4,,
7/13/2021,Rustlers Gulch,10:03,10:37,9.9,10.2,,,0.8,2.6,24,33.1,,,0,2.5,31.8,37.8,1,
7/13/2021,Rustlers Gulch,12:00,12:42,9.9,10.2,,,0,2.7,11.3,16.2,,,0,1,16.5,20.9,2,
7/13/2021,Rustlers Gulch,13:59,14:19,9.9,10.2,,,0,2.5,16.4,18.5,,,0,0,25.9,28.4,3,
7/15/2021,403 Bench,10:00,10:30,11.9,7.1,,,0.5,1.9,33.7,40.8,,,0,1.2,37,40.8,,
7/15/2021,Meridian,10:15,10:39,21.7,14.3,,,0,2,38.3,45.2,,,0,1.9,36.1,43.2,,Soil moisture taken 7/18
7/15/2021,Wash 3C,11:28,11:56,13.7,11.1,,,0,1.3,28.6,39.1,,,0,0.5,35.6,37.9,,Soil moisture taken 7/18
7/15/2021,Pfeiler,12:51,13:14,8.9,12.2,,,0,1,19.2,32.4,,,0,3.7,11.1,22.5,,Soil moisture taken 7/18
7/15/2021,Stupid Falls,10:11,10:57,17.7,18.3,,,,1.1,30,38.8,,,,2,37.4,43.6,1,"no wind mins recorded- avg RH start: 38.8, avg RH end: 40.4; avg wind start: 0.4, avg wind end: 1.3"
7/15/2021,Stupid Falls,12:08,12:40,17.7,18.3,,,0,3.6,20.3,25.1,,,0,2.1,3.1,11.3,2,
7/15/2021,Stupid Falls,13:50,14:42,17.7,18.3,,,0,2.2,8,17.7,,,0,0.5,14.9,25.4,3,
7/16/2021,Virginia Basin,10:00,11:05,14.7,10.3,,,0,0,29.5,34.1,,,0,1.3,28.1,34.8,,
7/16/2021,Kebler Pass,10:00,10:54,,,,,0,0.4,24.6,29.4,,,0,0,27.4,31.9,1,
7/16/2021,Kebler Pass,12:00,12:59,,,,,0,1.6,24.4,32.6,,,0,0,20,29.2,2,
7/16/2021,Kebler Pass,14:00,14:52,,,,,1.3,4.6,10.5,20.7,,,0,1.4,13.2,25.2,3,
7/19/2021,Avery Picnic,10:45,12:34,7.2,11.1,,,0,1.8,36,44.1,,,0,2.3,22,31.7,,
7/19/2021,403 Bench,10:35,11:29,10.5,13.9,,,,,,,,,,,,,,No weather data recorded 
7/19/2021,Rustlers Gulch,9:56,10:43,15,10.9,,,0.3,2.6,33.2,46.2,,,0,2.3,35.4,39.4,1,
7/19/2021,Rustlers Gulch,12:00,12:49,15,10.9,,,0.4,1.5,24.7,28.2,,,0.4,1.5,18.9,27.5,2,
7/19/2021,Rustlers Gulch,13:56,14:48,15,10.9,,,0,1.9,16.7,21.5,,,0,1.4,19.1,24.2,3,
7/18/2021,Brush Creek Trail,11:10,13:10,13.9,10.7,,,0.7,2,22,38.9,,,0,1.8,14.5,24,,
7/17/2021,Gothic Town,10:49,13:08,6.5,11,,,0,2.2,20.4,26.8,,,0,0,25.9,35,,"12:15-12:45 break bc of heavy rain. The restard weather values were: Wind 0, 0.6; RH 27.2, 35."
7/20/2021,Lake Irwin,13:11,13:33,14.4,14,,,0,2,19.7,24.1,,,0,2,19.1,28.2,,
7/20/2021,Ohio Pass Low,10:50,11:51,12.8,11.4,,,0.5,2.3,26.3,36.4,,,0,1,20.5,37.1,,
7/20/2021,Ohio Pass High,11:18,12:28,8.9,6.5,,,0,2.8,18.9,23.7,,,0,2,23.1,29.1,,
7/21/2021,Virginia Basin,10:02,11:50,11.5,17,,,0,1.4,28,31.6,,,0.6,2.4,26,36.1,,
7/21/2021,Kebler Pass,10:06,10:51,34,22.5,,,0.4,3.5,36.8,50.8,,,0.4,2.3,32.3,38,1,Soil moisture taken 7/20
7/21/2021,Kebler Pass,12:06,13:04,34,22.5,,,1,3.3,20.7,30.9,,,0,4.1,22.4,32.7,2,Soil moisture taken 7/20
7/21/2021,Kebler Pass,14:00,14:37,34,22.5,,,0.1,3.3,19.3,28.5,,,0.6,3.4,19.5,29.5,3,Soil moisture taken 7/20
7/21/2021,Coal Creek,11:11,11:47,6.1,10.5,,,0,3.5,26.3,33.6,,,0,3.2,17.1,22.9,,Soil moisture taken 7/22
7/22/2021,Gothic Town,9:55,11:06,11.5,13.3,,,0,0.7,27.7,36,,,0,0.3,25.3,38.2,,Soil moisture taken 7/24
7/22/2021,Brush Creek Trail,12:02,13:46,19.1,14.5,,,,,,,,,,,,,,See field notes
7/22/2021,Brush Creek Hill,10:01,10:42,17.3,18,,,0,1,30.4,39.1,,,0,1.1,34.2,43.4,1,
7/22/2021,Brush Creek Hill,12:00,12:52,17.3,18,,,0,1,21.2,29.9,,,0,2.9,20.6,26.7,2,
7/22/2021,Brush Creek Hill,14:00,14:35,17.3,18,,,0,2.9,12.8,20.7,,,0.5,1.5,23.4,29.6,3,
7/23/2021,Pfeiler,10:12,10:48,8.6,17.8,,,0,1.4,23.7,38.7,,,0,1.4,29.6,36.7,,
7/23/2021,Meridian,11:27,12:01,14.5,13.4,,,0.6,3.7,24.6,37.7,,,0,3.4,28,39.8,,
7/23/2021,Stupid Falls,10:00,11:00,9.7,13.2,,,0,1.2,36.2,44.1,,,0,0,8.5,13.3,1,
7/23/2021,Stupid Falls,12:02,12:45,9.7,13.2,,,0,1.8,24,34.9,,,0,1.8,24,30.6,2,
7/23/2021,Wash 3C,10:47,12:24,8.1,9.6,,,,,,,,,,,,,,See field notes
7/26/2021,Ohio Pass High,10:16,10:44,8.8,13.1,,,,,,,,,,,,,,See field notes
7/26/2021,Lake Irwin,11:25,12:02,11.7,10,,,,,,,,,,,,,,See field notes
7/26/2021,Coal Creek,13:56,14:12,6.1,8,,,0,2,19.2,24.4,,,0,0.3,22.4,29.7,,
7/26/2021,Ohio Pass Low,11:00,13:12,11.2,11.5,,,0,1.4,30,39.8,,,0,0,20.2,33,,
7/27/2021,Avery Picnic,10:39,12:02,16.8,19,,,0,2,48.8,52.9,,,0,1,25.6,37.5,,
7/27/2021,Rustlers Gulch,10:00,10:41,17.6,13.6,,,0,1.9,36,44.4,,,0,1.6,26.1,35.7,1,
7/27/2021,Rustlers Gulch,12:00,12:51,17.6,13.6,,,0,1.4,20.5,24.7,,,0,1,15.8,25.5,2,
7/27/2021,Rustlers Gulch,14:01,14:46,17.6,13.6,,,0,1.2,16.2,32.4,,,0,1.3,20.8,30.8,3,
7/28/2021,Kebler Pass,10:05,10:58,25.9,23.6,,,0.4,4.2,43.8,49.3,,,0,3.6,33.5,42.2,1,Soil moisture taken 7/26
7/28/2021,Kebler Pass,12:00,12:41,25.9,23.6,,,0.4,4,20.7,38.4,,,0.4,1.8,32.4,40.8,2,did not do round 3 sampling due to rain
7/28/2021,Virginia Basin,10:14,12:32,19.2,24.9,,,0.8,2.9,45.6,50.7,,,0,3,22,33.4,,
7/29/2021,Brush Creek Trail,10:40,11:32,19,13.1,,,0,2.6,44.1,54.6,,,0,2.7,30.9,40.2,,
7/29/2021,Brush Creek Hill,12:38,13:14,16.2,18,,,0,1.8,23.8,30.5,,,0,2,19.4,30.8,,
7/29/2021,Gothic Town,10:50,12:23,8.3,11.9,,,0,0,30.4,41.5,,,0,2.5,26.8,37.2,,
7/30/2021,Pfeiler,10:51,12:40,15.3,25,,,0,1.7,32.3,43.1,,,0,2,31.5,39.8,,
7/30/2021,Meridian,10:17,10:55,16.4,13.8,,,0,1.3,36.4,41.2,,,0,1.6,31,40.7,,
7/30/2021,Wash 3C,11:46,12:40,14.8,9.5,,,0,2.3,23.1,32.2,,,0,2.3,20.7,25.8,,
8/4/2021,403 Bench,10:19,10:43,22.1,14.7,,,0,4,24,28.5,,,0,1.9,21,33.2,,
8/4/2021,Avery Picnic,12:01,12:26,33.9,24.3,,,0,4.3,35.4,42.4,,,0,2,24.7,33.8,,
8/5/2021,Virginia Basin,9:56,10:19,20.2,20.2,,,0,0.9,25.6,37.6,,,0,0,18.1,26.2,1,
8/5/2021,Virginia Basin,13:24,13:41,20.2,20.2,,,0.5,1.5,19.1,26.6,,,0,1.6,18.6,27.1,2,HOBO was removed between 10:25 and 13:22
6/18/2021,Virginia Basin,11:41,13:00,6.5,8.8,,,0,0.5,18.2,22.8,,,0,1.4,11.9,19,,Soil moisture taken 6/16/21
6/7/2022,Brush Creek Hill,10:00,10:29,9.9,6.2,,,,,,,,,,,,,1,see field notebook for wind and humidity
6/7/2022,Brush Creek Hill,12:00,12:37,9.9,6.2,,,,,,,,,,,,,2,
6/7/2022,Brush Creek Hill,14:00,14:29,9.9,6.2,,,,,,,,,,,,,3,
6/8/2022,Ohio Pass Low,10:00,10:29,11,10.9,,,0,1.6,26.6,33,,,0,0,15.2,17.1,1,
6/8/2022,Ohio Pass Low,12:00,12:39,11,10.9,,,0,1.2,2.3,12,,,0,1.6,0.5,8.4,2,
6/8/2022,Ohio Pass Low,14:00,14:34,11,10.9,,,1,3,8.2,13.4,,,0.3,3.3,7.1,10.8,3,
6/9/2022,Stupid Falls,10:00,10:36,8.3,13.6,,,0,4.2,22.3,32,,,0,4.5,21.5,28.6,1,
6/9/2022,Stupid Falls,12:00,12:33,8.3,13.6,,,0,1.9,17.9,27.7,,,0,5.6,20.6,28.1,2,
6/9/2022,Stupid Falls,14:00,14:31,8.3,13.6,,,2.3,6,20.3,26.5,,,1.9,4.3,24.3,30.3,3,
6/12/2022,Rustlers Gulch,9:55,11:25,19.5,11.4,,,1,5,17.9,24.9,,,0,2.4,12.8,21.6,1,
6/12/2022,Rustlers Gulch,12:10,13:40,19.5,11.4,,,0,1.6,6.2,14,,,1.5,6.8,11,14.9,2,
6/12/2022,Rustlers Gulch,14:25,15:30,19.5,11.4,,,0.6,7,9.2,15.9,,,1,5.6,9.1,14.9,3,
6/13/2022,Gothic Town,10:14,11:00,12.1,15.8,,,0,1.6,14,21,,,0,1.4,9.4,21.2,1,
6/13/2022,Gothic Town,12:01,12:24,12.1,15.8,,,0,3.1,5.4,15.5,,,0.6,4.8,10.9,22.7,2,
6/13/2022,Gothic Town,13:57,14:15,12.1,15.8,,,0,3.5,3.1,10.4,,,1.7,7,8.6,17.4,3,
6/14/2022,Brush Creek Hill,10:03,10:38,5.8,7.5,,,0,3.1,20.2,35.3,,,0.4,8.2,15.7,21.6,1,
6/14/2022,Brush Creek Hill,12:00,12:25,5.8,7.5,,,0.8,10.3,12.7,19.9,,,0.9,6,24,27,2,
6/14/2022,Brush Creek Hill,13:50,14:10,5.8,7.5,,,0,8.1,13.6,19.5,,,2.4,8.2,15.8,21.6,3,
6/15/2022,Stupid Falls,10:25,10:55,8.1,8.8,,,0,4.7,4.1,13.3,,,0.1,4.5,7,13.6,1,
6/15/2022,Stupid Falls,12:00,12:25,8.1,8.8,,,0.4,1.8,2,12.1,,,0.7,5,5,12.2,2,
6/15/2022,Stupid Falls,13:53,14:19,8.1,8.8,,,0,3.1,5,12,,,0,3,10.7,17.3,3,
6/16/2022,Ohio Pass Low,9:55,10:31,9.7,10.3,,,0,0.3,8.1,18.6,,,0.3,1.8,7.3,18.7,1,
6/16/2022,Ohio Pass Low,11:58,12:32,9.7,10.3,,,0.5,1.6,6.4,14.2,,,0,3,2.4,13.4,2,
6/16/2022,Ohio Pass Low,13:55,14:27,9.7,10.3,,,0,1.9,1,10.1,,,0,3.8,2.2,7.4,3,
6/17/2022,Avery Picnic,10:00,10:39,11.2,14.1,,,0,2.3,33.5,50.4,,,0,4.6,32.9,38.3,1,
6/17/2022,Avery Picnic,11:57,12:28,11.2,14.1,,,0,2.9,29.8,41.2,,,0,3.9,22.7,27.33,2,
6/20/2022,Virginia Basin,12:57,14:08,19.5,21.1,,,0,3.1,17.3,27.7,,,0,10.5,10.9,17.9,1,
6/21/2022,Ohio Pass High,10:07,10:52,11.3,15.1,,,0,2,16.4,26.3,,,0,3.3,0.7,5.3,1,
6/21/2022,Ohio Pass High,12:00,12:32,11.3,15.1,,,0,2.7,1.1,5.8,,,0,2.2,4.2,10,2,
6/21/2022,Ohio Pass High,14:00,14:38,11.3,15.1,,,0.5,2.9,3,9.5,,,0,6.7,1.2,12.3,3,
6/21/2022,Kebler Pass,10:00,10:37,30.4,29.2,,,0.8,6.6,14.4,26.6,,,1,2.8,6.8,24.4,1,
6/21/2022,Kebler Pass,12:00,12:33,30.4,29.2,,,0.3,2.2,7,10.2,,,0,3.8,4.5,17.3,2,
6/21/2022,Kebler Pass,13:55,14:25,30.4,29.2,,,0,1.8,5.3,18.9,,,0,5.4,4.6,14.2,3,
6/22/2022,Stupid Falls,9:57,10:24,11.9,10.4,,,0,0.5,24.5,34,,,0,0,13.6,20.4,1,
6/22/2022,Stupid Falls,12:00,12:24,11.9,10.4,,,0,0.8,20.9,27.7,,,0,1.2,16.4,23.1,2,
6/22/2022,Stupid Falls,14:00,14:22,11.9,10.4,,,0,1.2,28,34.7,,,0.6,3.4,29.6,33.2,3,
6/22/2022,Brush Creek Hill,10:08,10:41,8.6,9.3,,,0,1.1,26,30.9,,,0,0,26.4,30.8,1,
6/22/2022,Brush Creek Hill,12:00,12:30,8.6,9.3,,,0,0,19.5,26.3,,,0,1.6,19.9,30.3,2,
6/22/2022,Brush Creek Hill,14:00,14:30,8.6,9.3,,,0,3.3,22.8,26.8,,,1.3,4.8,24,24.9,3,
6/24/2022,Gothic Town,10:00,10:56,7.3,11.9,,,0,1.1,16.5,26.6,,,0,2,28.5,35.6,1,
6/23/2022,Avery Picnic,10:00,10:30,14.2,13.3,,,0,0,57.8,60.9,,,0,2.7,42.2,49.1,1,
6/23/2022,Avery Picnic,11:50,12:16,14.2,13.3,,,0,0,31.7,44,,,0,1.4,19.6,28.8,2,
6/23/2022,Avery Picnic,14:11,14:50,14.2,13.3,,,0.7,3.8,32.7,37.6,,,1.2,5.6,30.7,37,3,
6/24/2022,Ohio Pass Low,11:57,12:27,9.9,13,,,0,3.1,34.6,43.5,,,0,4,11.5,17.8,2,
6/24/2022,Ohio Pass Low,13:56,14:26,9.9,13,,,0.7,2,20,26.9,,,0,1.4,14.7,24.4,3,
6/23/2022,Rustlers Gulch,10:00,10:38,16.3,10.8,,,0,0.3,22.4,27.2,,,0,1.6,22.4,27.2,1,
6/23/2022,Rustlers Gulch,12:03,13:03,16.3,10.8,,,0,1.3,11.2,27.7,,,0,3.6,10.1,14.9,2,
6/23/2022,Rustlers Gulch,14:04,14:53,16.3,10.8,,,0.6,5.2,12.5,23.7,,,1.7,7.2,24,32.6,3,
6/25/2022,Ohio Pass High,10:19,11:18,14,11.2,,,0,1.5,33,46.9,,,0.3,3.1,18,46.9,1,
6/25/2022,Ohio Pass High,12:00,12:59,14,11.2,,,0,2.4,11.8,19,,,0,1.2,12.5,18.7,2,
6/25/2022,Ohio Pass High,14:01,14:56,14,11.2,,,0,2.9,6.2,24.3,,,0,2.9,17.9,23.2,3,
6/27/2022,Virginia Basin,11:00,11:52,19.4,18.9,,,0,1.1,24,32.5,,,0,2,23.9,28.2,1,
6/28/2022,Rustlers Gulch,10:01,10:33,18.1,13.4,,,0,2.1,32.3,41.2,,,1.1,2.1,22.4,29.7,1,
6/28/2022,Rustlers Gulch,12:24,13:26,18.1,13.4,,,0,1.1,13.4,21.3,,,0,4,26.8,31.9,2,
6/29/2022,Stupid Falls,10:02,10:20,15,13.3,,,0,2,34.1,39.2,,,0,2.2,12.9,25.3,1,
6/29/2022,Stupid Falls,11:59,12:24,15,13.3,,,0,2.2,21.2,31.8,,,0.3,2.3,18.6,30.6,2,
6/29/2022,Stupid Falls,14:02,14:19,15,13.3,,,0,3.3,16.8,32.7,,,0,1.5,16.4,24.3,3,
7/1/2022,Gothic Town,9:52,12:12,8.7,23.5,,,,,,,,,,,,,1,
7/1/2022,Kebler Pass,9:42,10:16,34.2,24.2,,,0.3,2,33.1,43.6,,,0,1.7,32.1,43.5,1,
7/1/2022,Kebler Pass,11:30,12:00,34.2,24.2,,,0.4,4.1,30.8,44.3,,,0,3.6,38.1,44,2,
7/1/2022,Avery Picnic,10:34,13:42,19.5,15.3,,,0,1.2,42.3,51.5,,,0.3,1.8,34,37.6,1,
7/2/2022,Ohio Pass High,10:16,11:20,10.4,14.6,,,0,1.5,14.4,18.9,,,0,1.2,19.3,23.8,1,Wind speed accidentally taken in kph. Values have been converted to m/s
7/2/2022,Ohio Pass High,12:00,13:06,10.4,14.6,,,0.1,1.5,11.1,15.7,,,0,0.8,19.2,23.6,2,Wind speed accidentally taken in kph. Values have been converted to m/s
7/2/2022,Ohio Pass High,13:50,14:55,10.4,14.6,,,0,0,12.3,17.6,,,0,0.5,17.3,20.3,3,Wind speed accidentally taken in kph. Values have been converted to m/s
7/5/2022,Brush Creek Hill,10:24,11:03,7.8,13.6,,,0,0.8,15.5,27.6,,,0,1.2,16.3,22,1,
7/5/2022,Brush Creek Hill,12:00,12:37,7.8,13.6,,,0,1.3,19.8,27,,,0.5,3,21.4,30.6,2,
7/5/2022,Ohio Pass Low,10:00,10:40,16.5,13.9,,,0,1.4,40.3,51.6,,,0,1.6,45.1,49.1,1,
7/5/2022,Ohio Pass Low,12:05,12:28,16.5,13.9,,,0,0,53.6,57.3,,,0,0,50,52.7,2,
7/6/2022,Gothic Town,9:50,11:48,12.1,19.9,,,0,1.5,40.7,62.3,,,0,0.3,32.9,46,1,
7/6/2022,Avery Picnic,10:48,12:12,20.4,15,,,0,0.4,54.6,62.2,,,0,0.3,23.2,37.2,1,
7/7/2022,Stupid Falls,9:58,10:23,17.2,18,,,0,1.1,35.8,51.9,,,0,1.3,11.5,26,1,
7/7/2022,Stupid Falls,11:59,12:22,17.2,18,,,0,2.1,13.7,26,,,0,2.3,10.6,17.7,2,
7/7/2022,Stupid Falls,13:57,14:20,17.2,18,,,1.2,6.5,25.3,32.8,,,0,5,18.5,27.4,3,
7/7/2022,Kebler Pass,10:05,10:46,27.5,34.7,,,0,1.7,41.7,48.9,,,0,1,28.9,37.3,1,
7/7/2022,Kebler Pass,11:55,12:40,27.5,34.7,,,0,2.9,15.3,28.9,,,0,2.3,28.5,36.4,2,
7/7/2022,Kebler Pass,14:00,14:36,27.5,34.7,,,0.4,1.6,29.9,42.7,,,1.3,4.3,26.3,25.8,3,
7/8/2022,Virginia Basin,11:00,13:06,16.5,18.4,,,0,2.4,16.7,22.3,,,0,1.7,19.4,26.4,1,
7/8/2022,Rustlers Gulch,10:00,10:34,25,17.9,,,0,1.5,35.3,40.5,,,0.3,3.4,30.8,44.6,1,
7/8/2022,Rustlers Gulch,11:56,12:55,25,17.9,,,0,3.5,12,14,,,0,2,7.7,21.8,2,
7/8/2022,Rustlers Gulch,13:58,14:35,25,17.9,,,0.6,4.8,8.4,22.3,,,0,1.1,7.5,13.2,3,
7/11/2022,Ohio Pass Low,10:04,10:49,15.4,14.5,,,0,1.2,35,43.6,,,0,2.1,17,28.5,1,
7/11/2022,Ohio Pass Low,12:02,12:41,15.4,14.5,,,0.9,3.9,23.3,37.4,,,0.1,4.2,15.6,26.3,2,
7/11/2022,Ohio Pass Low,14:04,14:39,15.4,14.5,,,0.6,2.6,14.4,36.9,,,0,1.4,12.3,24.7,3,
7/11/2022,Ohio Pass High,10:00,10:50,3.6,6.2,,,0,1.8,38.3,52.6,,,0,1.2,19.6,36,1,
7/11/2022,Ohio Pass High,12:00,12:47,3.6,6.2,,,0,1,14.3,29,,,0.3,3.7,18.9,25.4,2,
7/11/2022,Ohio Pass High,14:04,14:51,3.6,6.2,,,0,1.5,15,30.8,,,0,4.6,13.3,25,3,
7/12/2022,Gothic Town,10:22,12:45,11.5,15.4,,,0,1.6,15.9,23.3,,,0,2.3,8,18.8,1,
7/12/2022,Brush Creek Hill,10:07,10:30,8.9,7.6,,,0,2.9,41.2,63.3,,,0.9,3.4,35.9,41.8,1,
7/12/2022,Brush Creek Hill,12:00,12:28,8.9,7.6,,,0,0,4.1,18.5,,,0.5,3.9,19.2,23.2,2,
7/12/2022,Brush Creek Hill,13:58,14:20,8.9,7.6,,,0,3.4,11.3,29.3,,,1.4,5.2,22.4,26.8,3,
7/13/2022,Virginia Basin,11:37,14:02,10.1,10.5,,,0,3.8,35.4,44.7,,,0,1,22.7,28,1,
7/13/2022,Rustlers Gulch,10:00,10:27,21.1,14.9,,,1.2,3,34.3,52.1,,,1.4,4.7,28.6,48.1,1,
7/13/2022,Rustlers Gulch,12:00,12:34,21.1,14.9,,,0.7,3.1,29.5,35.7,,,0,0.6,23.8,40.1,2,
7/13/2022,Rustlers Gulch,14:00,14:30,21.1,14.9,,,1.5,5,25.7,32.3,,,0.5,4.8,27.6,33.4,3,
7/14/2022,Avery Picnic,10:23,12:12,12.7,9.9,,,0,2.1,44.9,54.3,,,0,1.8,20.5,42.8,1,
7/14/2022,Stupid Falls,10:02,10:25,6.6,9.7,,,0,1.7,42.5,58.4,,,0,1.7,28.3,42,1,
7/14/2022,Stupid Falls,11:58,12:44,6.6,9.7,,,0,0.9,17.2,31.6,,,0,1,11.4,16.7,2,
7/14/2022,Stupid Falls,14:04,14:38,6.6,9.7,,,0,3.6,12.9,20.9,,,0,1.4,17.3,25.5,3,
7/18/2022,Gothic Town,10:25,13:41,10.9,17,,,0,1.6,23,35.2,,,0,2.6,15.7,26.1,1,
7/18/2022,Kebler Pass,10:00,10:39,19,15.7,,,1.1,3.5,25.7,38.7,,,0,5.3,19,26.7,1,
7/18/2022,Kebler Pass,12:00,12:38,19,15.7,,,0,2.2,15.2,24.9,,,0,2.7,10.4,17.2,2,
7/18/2022,Kebler Pass,14:00,14:35,19,15.7,,,1.2,4,10.1,19.1,,,0.4,3.8,17.4,22.4,3,
7/19/2022,Virginia Basin,11:33,13:50,11.4,10.9,,,0,1.8,36.3,40.2,,,0,1.5,23.9,33.6,1,
7/20/2022,Ohio Pass High,10:00,10:52,10.4,5,,,0,2,26.2,36.6,,,0,4.3,20.6,24.7,1,
7/20/2022,Ohio Pass High,12:00,12:55,10.4,5,,,0,1.5,19.7,34.9,,,0,4.3,20.6,34.1,2,
7/20/2022,Ohio Pass High,14:00,14:48,10.4,5,,,0,2.4,12.7,18.4,,,0.3,4.6,17.2,22.5,3,
7/20/2022,Ohio Pass Low,10:08,11:22,15.2,14.3,,,0.3,1.9,23.2,37.5,,,0,1.6,21.8,31.6,1,
7/20/2022,Ohio Pass Low,12:22,13:22,15.2,14.3,,,0,1.3,16.7,28.1,,,0,1.6,15.3,30.8,2,
7/21/2022,Avery Picnic,10:30,12:42,13.2,11.3,,,0,2.3,38.6,50.7,,,0,3.2,23,35.8,1,
7/22/2022,Rustlers Gulch,10:00,10:39,11.5,7.6,,,0.3,2,26.4,38.1,,,0.5,3.2,22.2,27.4,1,
7/22/2022,Rustlers Gulch,12:00,12:37,11.5,7.6,,,0,0.3,17,23.3,,,0,1,7.7,13.6,2,
7/22/2022,Rustlers Gulch,14:00,14:39,11.5,7.6,,,0,2.6,12.6,21.2,,,3.1,7.7,13.4,27.6,3,
7/22/2022,Stupid Falls,10:11,10:38,4.9,10,,,0,0.3,21.2,35.5,,,0,3.4,16.7,32,1,
7/22/2022,Stupid Falls,12:01,12:41,4.9,10,,,0.3,1.9,11.1,20.4,,,0.8,4.8,17.4,22.9,2,
7/22/2022,Stupid Falls,14:10,14:34,4.9,10,,,0,2.7,13.5,20,,,0.5,3.5,15.9,22.3,3,
7/23/2022,Brush Creek Hill,10:10,11:23,7,7.9,,,0,1,8.8,12.3,,,0,1.3,6.8,9.5,1,
7/23/2022,Brush Creek Hill,12:05,13:05,7,7.9,,,0,2,20.9,29.6,,,1.6,4.5,6.2,9.9,2,
7/23/2022,Brush Creek Hill,13:55,14:50,7,7.9,,,0,1.1,3.8,7.2,,,0.8,3.2,11.9,16.9,3,
7/25/2022,Kebler Pass,10:00,10:32,23.4,17.6,,,0,3.5,38.7,42.9,,,0,2.2,46.1,50.6,1,
7/25/2022,Kebler Pass,11:58,12:39,23.4,17.6,,,0,1.7,47.4,51.6,,,0,1.2,34.7,40,2,
7/25/2022,Kebler Pass,14:00,14:48,23.4,17.6,,,0,1.9,42.1,51.5,,,0,4.4,15.7,21.4,3,
7/25/2022,Gothic Town,10:50,12:47,11.7,12.4,,,0,1.4,43.1,49.1,,,0,0.5,32.4,36.3,1,
7/26/2022,Stupid Falls,10:00,10:38,7.1,10.2,,,0,1.3,33,42.9,,,0,1.6,24.7,37.9,1,
7/26/2022,Stupid Falls,12:00,12:44,7.1,10.2,,,0,0,15.1,32,,,0,0,39.3,44.8,2,
7/26/2022,Ohio Pass High,10:13,10:58,7.4,6.4,,,0,1.4,35.2,44.4,,,0,1,13.7,21,1,
7/26/2022,Ohio Pass High,11:55,12:40,7.4,6.4,,,0,0,18.4,23.3,,,1,2.4,16.4,30.8,2,
7/26/2022,Ohio Pass High,13:46,14:26,7.4,6.4,,,0.4,2.6,8.1,13.9,,,0,2.1,28.6,34.3,3,
7/27/2022,Virginia Basin,11:43,14:38,11.7,7.4,,,0,0,43,48.1,,,0,1.4,7.8,16.3,1,
8/1/2022,Avery Picnic,10:21,12:29,14.7,15.5,,,0,2.3,57.8,64.6,,,0,0.6,54.3,64.8,1,
8/1/2022,Rustlers Gulch,10:01,10:42,13.7,10.4,,,0.7,2.1,38.8,47.8,,,1,2.2,24.8,33.6,1,
8/1/2022,Rustlers Gulch,12:05,12:43,13.7,10.4,,,0,1.3,17.4,24.6,,,0,0.4,30,35.8,2,
8/1/2022,Rustlers Gulch,13:53,14:33,13.7,10.4,,,0,1.4,31.3,40.7,,,0,1,29.8,34.8,3,
8/2/2022,Virginia Basin,10:35,11:58,14.5,10.4,,,0,1.2,32.4,42.9,,,,,,,1,Rained out so no end conditions
8/3/2022,Ohio Pass High,12:00,12:40,10.2,7.6,,,0,2.3,13.8,25.5,,,0.6,4.4,14.4,27.8,2,
8/3/2022,Ohio Pass High,13:53,14:32,10.2,7.6,,,0,0.3,19.1,26.3,,,0,1.3,24.4,30.8,3,
8/3/2022,Kebler Pass,10:10,11:20,23.6,29.2,,,0,3.7,42,57.2,,,0,3.3,27.7,43.7,1,
8/3/2022,Kebler Pass,11:56,12:53,23.6,29.2,,,0,0.9,20.8,29.4,,,0.4,4.2,20.8,31.7,2,
8/3/2022,Kebler Pass,13:55,14:42,23.6,29.2,,,0,2.1,26.7,33.1,,,0,2.8,15.5,23.6,3,
8/3/2022,Brush Creek Hill,10:10,10:45,,,,,0,0,33.7,38.8,,,0,1.1,11.7,15.1,1,
8/4/2022,Ohio Pass Low,10:20,10:53,17.6,16.6,,,0,1.6,47.1,58.6,,,0,1.8,38.4,41.3,1,
8/4/2022,Ohio Pass Low,12:01,12:22,17.6,16.6,,,0,3,24.4,41.3,,,0,0.9,16.4,22.8,2,
8/4/2022,Ohio Pass Low,13:59,14:23,17.6,16.6,,,0,1.3,19.1,33.1,,,0,1.4,16.7,22.5,3,
8/5/2022,Avery Picnic,10:02,11:39,21.3,17.4,,,0,1.9,51.5,57.1,,,0,0.3,44.6,53,1,
8/8/2022,Gothic Town,10:00,10:56,18.6,11.9,,,0,1,11.9,19.7,,,0,2.1,11.1,15.3,1,
8/8/2022,Ohio Pass Low,10:01,10:34,12.3,11.1,,,0,1.8,36.6,50.2,,,0,2.3,32.7,37.2,1,
8/8/2022,Ohio Pass Low,12:01,12:33,12.3,11.1,,,0,1,22.4,34.8,,,0,2.2,12,23.3,2,
8/8/2022,Ohio Pass Low,14:01,14:36,12.3,11.1,,,0,1.7,12,26.4,,,0,1.3,14.2,21.7,3,
8/9/2022,Virginia Basin,10:21,12:19,8.5,11.1,,,0.3,1.7,31.8,34.2,,,0,1.6,14.9,28.1,1,
8/10/2022,Kebler Pass,10:08,10:58,17.1,19.4,,,0,1.6,25,33,,,1,2.2,20.3,23.4,1,
8/10/2022,Kebler Pass,12:02,12:52,17.1,19.4,,,1.1,3.1,14.4,17.6,,,0,1.6,13.8,20.8,2,
8/10/2022,Kebler Pass,13:45,14:33,17.1,19.4,,,0,0.1,10.1,12.4,,,1.4,5.5,20.4,22.8,3,
8/10/2022,Rustlers Gulch,10:00,11:02,,,,,1.1,2.8,37,45.7,,,0.3,1.7,31.6,34.7,1,
8/10/2022,Rustlers Gulch,12:00,12:39,,,,,0,0,17.7,28.7,,,0,1.4,18.4,27.2,2,
8/10/2022,Rustlers Gulch,13:55,14:58,,,,,0,0,21.1,25.5,,,0,1.9,28.9,40.1,3,
6/12/2023,Avery Picnic,10:55,11:30,,,,,,,,,,,,,,,,Network sampling (not part of gradients project); nothing caught; 'control' round to pair with Annie Colgan's manipulation rounds
6/14/2023,Gothic Town,10:33,11:05,,,,,,,,,,,,,,,1,cloudy
6/14/2023,Gothic Town,12:30,13:00,,,,,,,,,,,,,,,2,
